"Prototype","Screen Name","Screen File","Layer Name","Layer Text","Inspect URL"
"[Concord] PDW – Phase 3","[Data-Converter] Default","[Data-Converter] Default@2x.png","Convert and download","Convert and download files in iMaestro GENERIC format","https://projects.invisionapp.com/d/main#/console/22398713/475543059/inspect"
"[Concord] PDW – Phase 3","[Data-Converter] Default","[Data-Converter] Default@2x.png","Label","collapse all","https://projects.invisionapp.com/d/main#/console/22398713/475543059/inspect"
"[Concord] PDW – Phase 3","[Data-Converter] Default","[Data-Converter] Default@2x.png","Label","Expand all","https://projects.invisionapp.com/d/main#/console/22398713/475543059/inspect"
"[Concord] PDW – Phase 3","[Data-Converter] Default","[Data-Converter] Default@2x.png","Breadcrumb 1","Data Providers","https://projects.invisionapp.com/d/main#/console/22398713/475543059/inspect"
"[Concord] PDW – Phase 3","[Data-Converter] Default","[Data-Converter] Default@2x.png","ICE","ICE","https://projects.invisionapp.com/d/main#/console/22398713/475543059/inspect"
"[Concord] PDW – Phase 3","[Data-Converter] Default","[Data-Converter] Default@2x.png","Tab-One","user managed tables","https://projects.invisionapp.com/d/main#/console/22398713/475543059/inspect"
"[Concord] PDW – Phase 3","[Data-Converter] Default","[Data-Converter] Default@2x.png","Tab-One","data converter","https://projects.invisionapp.com/d/main#/console/22398713/475543059/inspect"
"[Concord] PDW – Phase 3","[Data-Converter] Default","[Data-Converter] Default@2x.png","Tab-One","unexpected files","https://projects.invisionapp.com/d/main#/console/22398713/475543059/inspect"
"[Concord] PDW – Phase 3","[Data-Converter] Default","[Data-Converter] Default@2x.png","Tab-One","raw files","https://projects.invisionapp.com/d/main#/console/22398713/475543059/inspect"
"[Concord] PDW – Phase 3","[Data-Converter] Default","[Data-Converter] Default@2x.png","Value","Search","https://projects.invisionapp.com/d/main#/console/22398713/475543059/inspect"
"[Concord] PDW – Phase 3","[Data-Converter] Default","[Data-Converter] Default@2x.png","file generated","file generated","https://projects.invisionapp.com/d/main#/console/22398713/475543059/inspect"
"[Concord] PDW – Phase 3","[Data-Converter] Default","[Data-Converter] Default@2x.png","Value","End Date","https://projects.invisionapp.com/d/main#/console/22398713/475543059/inspect"
"[Concord] PDW – Phase 3","[Data-Converter] Default","[Data-Converter] Default@2x.png","Value","Start Date","https://projects.invisionapp.com/d/main#/console/22398713/475543059/inspect"
"[Concord] PDW – Phase 3","[Data-Converter] Default","[Data-Converter] Default@2x.png","Value","All Tags","https://projects.invisionapp.com/d/main#/console/22398713/475543059/inspect"
"[Concord] PDW – Phase 3","[Data-Converter] Default","[Data-Converter] Default@2x.png","Value","All Statuses","https://projects.invisionapp.com/d/main#/console/22398713/475543059/inspect"
"[Concord] PDW – Phase 3","[Data-Converter] Default","[Data-Converter] Default@2x.png","Value","All Catalogues","https://projects.invisionapp.com/d/main#/console/22398713/475543059/inspect"
"[Concord] PDW – Phase 3","[Data-Converter] Default","[Data-Converter] Default@2x.png","Value","All Formats","https://projects.invisionapp.com/d/main#/console/22398713/475543059/inspect"
"[Concord] PDW – Phase 3","[Data-Converter] Default","[Data-Converter] Default@2x.png","Label","reset","https://projects.invisionapp.com/d/main#/console/22398713/475543059/inspect"
"[Concord] PDW – Phase 3","[Data-Converter] Default","[Data-Converter] Default@2x.png","Label","Apply","https://projects.invisionapp.com/d/main#/console/22398713/475543059/inspect"
"[Concord] PDW – Phase 3","[Data-Converter] Default","[Data-Converter] Default@2x.png","Denis","Denis","https://projects.invisionapp.com/d/main#/console/22398713/475543059/inspect"
"[Concord] PDW – Phase 3","[Data-Converter] Default","[Data-Converter] Default@2x.png","Data Providers","Data Providers","https://projects.invisionapp.com/d/main#/console/22398713/475543059/inspect"
"[Concord] PDW – Phase 3","[Data-Converter] Default","[Data-Converter] Default@2x.png","All User Managed Dat","All User Managed Tables","https://projects.invisionapp.com/d/main#/console/22398713/475543059/inspect"
"[Concord] PDW – Phase 3","[Data-Converter] Default","[Data-Converter] Default@2x.png","Showing 1-10 of 100","Showing 1-10 of 100 Results","https://projects.invisionapp.com/d/main#/console/22398713/475543059/inspect"
"[Concord] PDW – Phase 3","[Data-Converter] Default","[Data-Converter] Default@2x.png","Label","10","https://projects.invisionapp.com/d/main#/console/22398713/475543059/inspect"
"[Concord] PDW – Phase 3","[Data-Converter] Default","[Data-Converter] Default@2x.png","Label","•••","https://projects.invisionapp.com/d/main#/console/22398713/475543059/inspect"
"[Concord] PDW – Phase 3","[Data-Converter] Default","[Data-Converter] Default@2x.png","Label","5","https://projects.invisionapp.com/d/main#/console/22398713/475543059/inspect"
"[Concord] PDW – Phase 3","[Data-Converter] Default","[Data-Converter] Default@2x.png","Label","4","https://projects.invisionapp.com/d/main#/console/22398713/475543059/inspect"
"[Concord] PDW – Phase 3","[Data-Converter] Default","[Data-Converter] Default@2x.png","Label","3","https://projects.invisionapp.com/d/main#/console/22398713/475543059/inspect"
"[Concord] PDW – Phase 3","[Data-Converter] Default","[Data-Converter] Default@2x.png","Label","1","https://projects.invisionapp.com/d/main#/console/22398713/475543059/inspect"
"[Concord] PDW – Phase 3","[Data-Converter] Default","[Data-Converter] Default@2x.png","Label","2","https://projects.invisionapp.com/d/main#/console/22398713/475543059/inspect"
"[Concord] PDW – Phase 3","[Data-Converter] Default","[Data-Converter] Default@2x.png","Value","10 / Page","https://projects.invisionapp.com/d/main#/console/22398713/475543059/inspect"
"[Concord] PDW – Phase 3","[Data-Converter] Default","[Data-Converter] Default@2x.png","Go To","Go To","https://projects.invisionapp.com/d/main#/console/22398713/475543059/inspect"
"[Concord] PDW – Phase 3","[Data-Converter] Default","[Data-Converter] Default@2x.png","August 2023","August 2023","https://projects.invisionapp.com/d/main#/console/22398713/475543059/inspect"
"[Concord] PDW – Phase 3","[Data-Converter] Default","[Data-Converter] Default@2x.png","Error: text","Error: text","https://projects.invisionapp.com/d/main#/console/22398713/475543059/inspect"
"[Concord] PDW – Phase 3","[Data-Converter] Default","[Data-Converter] Default@2x.png","05/07/2023, 12:23 by","05/07/2023, 12:23 by Michael Assink","https://projects.invisionapp.com/d/main#/console/22398713/475543059/inspect"
"[Concord] PDW – Phase 3","[Data-Converter] Default","[Data-Converter] Default@2x.png","Converted at:","Converted at:","https://projects.invisionapp.com/d/main#/console/22398713/475543059/inspect"
"[Concord] PDW – Phase 3","[Data-Converter] Default","[Data-Converter] Default@2x.png","October 2023","October 2023","https://projects.invisionapp.com/d/main#/console/22398713/475543059/inspect"
"[Concord] PDW – Phase 3","[Data-Converter] Default","[Data-Converter] Default@2x.png","Please, wait while w","Please, wait while we converting your files. It will take no longer than 1 hour.","https://projects.invisionapp.com/d/main#/console/22398713/475543059/inspect"
"[Concord] PDW – Phase 3","[Data-Converter] Default","[Data-Converter] Default@2x.png","September 2023","September 2023","https://projects.invisionapp.com/d/main#/console/22398713/475543059/inspect"
"[Concord] PDW – Phase 3","[Data-Converter] Default","[Data-Converter] Default@2x.png","Warning: text","Warning: text","https://projects.invisionapp.com/d/main#/console/22398713/475543059/inspect"
"[Concord] PDW – Phase 3","[Data-Converter] Default","[Data-Converter] Default@2x.png","25","25","https://projects.invisionapp.com/d/main#/console/22398713/475543059/inspect"
"[Concord] PDW – Phase 3","[Data-Converter] Default","[Data-Converter] Default@2x.png","files:","files:","https://projects.invisionapp.com/d/main#/console/22398713/475543059/inspect"
"[Concord] PDW – Phase 3","[Data-Converter] Default","[Data-Converter] Default@2x.png","Label","show all","https://projects.invisionapp.com/d/main#/console/22398713/475543059/inspect"
"[Concord] PDW – Phase 3","[Data-Converter] Default","[Data-Converter] Default@2x.png",".dat.dos-4",".dat.dos","https://projects.invisionapp.com/d/main#/console/22398713/475543059/inspect"
"[Concord] PDW – Phase 3","[Data-Converter] Default","[Data-Converter] Default@2x.png",".dat.dos-3",".dat.dos","https://projects.invisionapp.com/d/main#/console/22398713/475543059/inspect"
"[Concord] PDW – Phase 3","[Data-Converter] Default","[Data-Converter] Default@2x.png",".dat.dos-2",".dat.dos","https://projects.invisionapp.com/d/main#/console/22398713/475543059/inspect"
"[Concord] PDW – Phase 3","[Data-Converter] Default","[Data-Converter] Default@2x.png",".dat.dos-1",".dat.dos","https://projects.invisionapp.com/d/main#/console/22398713/475543059/inspect"
"[Concord] PDW – Phase 3","[Data-Converter] Default","[Data-Converter] Default@2x.png",".dat.dos",".dat.dos","https://projects.invisionapp.com/d/main#/console/22398713/475543059/inspect"
"[Concord] PDW – Phase 3","[Data-Converter] Default","[Data-Converter] Default@2x.png","Label","tag with long name w…","https://projects.invisionapp.com/d/main#/console/22398713/475543059/inspect"
"[Concord] PDW – Phase 3","[Data-Converter] Default","[Data-Converter] Default@2x.png","Label","tag 2","https://projects.invisionapp.com/d/main#/console/22398713/475543059/inspect"
"[Concord] PDW – Phase 3","[Data-Converter] Default","[Data-Converter] Default@2x.png","Label","tag 1","https://projects.invisionapp.com/d/main#/console/22398713/475543059/inspect"
"[Concord] PDW – Phase 3","[Data-Converter] Default","[Data-Converter] Default@2x.png","Label","tag 2","https://projects.invisionapp.com/d/main#/console/22398713/475543059/inspect"
"[Concord] PDW – Phase 3","[Data-Converter] Default","[Data-Converter] Default@2x.png","Label","tag 1","https://projects.invisionapp.com/d/main#/console/22398713/475543059/inspect"
"[Concord] PDW – Phase 3","[Data-Converter] Default","[Data-Converter] Default@2x.png","Label","tag with long name","https://projects.invisionapp.com/d/main#/console/22398713/475543059/inspect"
"[Concord] PDW – Phase 3","[Data-Converter] Default","[Data-Converter] Default@2x.png","Label","tag 2","https://projects.invisionapp.com/d/main#/console/22398713/475543059/inspect"
"[Concord] PDW – Phase 3","[Data-Converter] Default","[Data-Converter] Default@2x.png","Label","tag 1","https://projects.invisionapp.com/d/main#/console/22398713/475543059/inspect"
"[Concord] PDW – Phase 3","[Data-Converter] Default","[Data-Converter] Default@2x.png","Label","tag with long name","https://projects.invisionapp.com/d/main#/console/22398713/475543059/inspect"
"[Concord] PDW – Phase 3","[Data-Converter] Default","[Data-Converter] Default@2x.png","Label","tag 2","https://projects.invisionapp.com/d/main#/console/22398713/475543059/inspect"
"[Concord] PDW – Phase 3","[Data-Converter] Default","[Data-Converter] Default@2x.png","Label","tag 1","https://projects.invisionapp.com/d/main#/console/22398713/475543059/inspect"
"[Concord] PDW – Phase 3","[Data-Converter] Default","[Data-Converter] Default@2x.png","tags","tags","https://projects.invisionapp.com/d/main#/console/22398713/475543059/inspect"
"[Concord] PDW – Phase 3","[Data-Converter] Default","[Data-Converter] Default@2x.png","Catalog","Catalog","https://projects.invisionapp.com/d/main#/console/22398713/475543059/inspect"
"[Concord] PDW – Phase 3","[Data-Converter] Default","[Data-Converter] Default@2x.png","General-4","General","https://projects.invisionapp.com/d/main#/console/22398713/475543059/inspect"
"[Concord] PDW – Phase 3","[Data-Converter] Default","[Data-Converter] Default@2x.png","General-3","General","https://projects.invisionapp.com/d/main#/console/22398713/475543059/inspect"
"[Concord] PDW – Phase 3","[Data-Converter] Default","[Data-Converter] Default@2x.png","General-2","General","https://projects.invisionapp.com/d/main#/console/22398713/475543059/inspect"
"[Concord] PDW – Phase 3","[Data-Converter] Default","[Data-Converter] Default@2x.png","General-1","General","https://projects.invisionapp.com/d/main#/console/22398713/475543059/inspect"
"[Concord] PDW – Phase 3","[Data-Converter] Default","[Data-Converter] Default@2x.png","General","General","https://projects.invisionapp.com/d/main#/console/22398713/475543059/inspect"
"[Concord] PDW – Phase 3","[Data-Converter] Default","[Data-Converter] Default@2x.png","Format","Format","https://projects.invisionapp.com/d/main#/console/22398713/475543059/inspect"
"[Concord] PDW – Phase 3","[Data-Converter] Default","[Data-Converter] Default@2x.png","PRF-1","PRF","https://projects.invisionapp.com/d/main#/console/22398713/475543059/inspect"
"[Concord] PDW – Phase 3","[Data-Converter] Default","[Data-Converter] Default@2x.png","PRF","PRF","https://projects.invisionapp.com/d/main#/console/22398713/475543059/inspect"
"[Concord] PDW – Phase 3","[Data-Converter] Default","[Data-Converter] Default@2x.png","MCH-2","MCH","https://projects.invisionapp.com/d/main#/console/22398713/475543059/inspect"
"[Concord] PDW – Phase 3","[Data-Converter] Default","[Data-Converter] Default@2x.png","MCH-1","MCH","https://projects.invisionapp.com/d/main#/console/22398713/475543059/inspect"
"[Concord] PDW – Phase 3","[Data-Converter] Default","[Data-Converter] Default@2x.png","MCH","MCH","https://projects.invisionapp.com/d/main#/console/22398713/475543059/inspect"
"[Concord] PDW – Phase 3","[Data-Converter] Default","[Data-Converter] Default@2x.png","name","name","https://projects.invisionapp.com/d/main#/console/22398713/475543059/inspect"
"[Concord] PDW – Phase 3","[Data-Converter] Default","[Data-Converter] Default@2x.png","ICE_CRD_2018448_415_-4","ICE_CRD_2018448_415_MD_AD_…","https://projects.invisionapp.com/d/main#/console/22398713/475543059/inspect"
"[Concord] PDW – Phase 3","[Data-Converter] Default","[Data-Converter] Default@2x.png","ICE_CRD_2018448_415_-3","ICE_CRD_2018448_415_MD_AD_…","https://projects.invisionapp.com/d/main#/console/22398713/475543059/inspect"
"[Concord] PDW – Phase 3","[Data-Converter] Default","[Data-Converter] Default@2x.png","ICE_CRD_2018448_415_-2","ICE_CRD_2018448_415_MD_AD_…","https://projects.invisionapp.com/d/main#/console/22398713/475543059/inspect"
"[Concord] PDW – Phase 3","[Data-Converter] Default","[Data-Converter] Default@2x.png","ICE_CRD_2018448_415_-1","ICE_CRD_2018448_415_MD_AD_…","https://projects.invisionapp.com/d/main#/console/22398713/475543059/inspect"
"[Concord] PDW – Phase 3","[Data-Converter] Default","[Data-Converter] Default@2x.png","ICE_CRD_2018448_415_","ICE_CRD_2018448_415_MD_AD_…","https://projects.invisionapp.com/d/main#/console/22398713/475543059/inspect"
"[Concord] PDW – Phase 3","[Data-Converter] Default","[Data-Converter] Default@2x.png","23MB-1","23MB","https://projects.invisionapp.com/d/main#/console/22398713/475543059/inspect"
"[Concord] PDW – Phase 3","[Data-Converter] Default","[Data-Converter] Default@2x.png","3MB","3MB","https://projects.invisionapp.com/d/main#/console/22398713/475543059/inspect"
"[Concord] PDW – Phase 3","[Data-Converter] Default","[Data-Converter] Default@2x.png","346MB","346MB","https://projects.invisionapp.com/d/main#/console/22398713/475543059/inspect"
"[Concord] PDW – Phase 3","[Data-Converter] Default","[Data-Converter] Default@2x.png","21MB","21MB","https://projects.invisionapp.com/d/main#/console/22398713/475543059/inspect"
"[Concord] PDW – Phase 3","[Data-Converter] Default","[Data-Converter] Default@2x.png","23MB","23MB","https://projects.invisionapp.com/d/main#/console/22398713/475543059/inspect"
"[Concord] PDW – Phase 3","[Data-Converter] Default","[Data-Converter] Default@2x.png","size","size","https://projects.invisionapp.com/d/main#/console/22398713/475543059/inspect"
"[Concord] PDW – Phase 3","[Data-Converter] Default","[Data-Converter] Default@2x.png","download","download","https://projects.invisionapp.com/d/main#/console/22398713/475543059/inspect"
"[Concord] PDW – Phase 3","[Data-Converter] Default","[Data-Converter] Default@2x.png","05/07/2023, 12:23 by","05/07/2023, 12:23 by Michael Assink","https://projects.invisionapp.com/d/main#/console/22398713/475543059/inspect"
"[Concord] PDW – Phase 3","[Data-Converter] Default","[Data-Converter] Default@2x.png","Converted at:","Converted at:","https://projects.invisionapp.com/d/main#/console/22398713/475543059/inspect"
"[Concord] PDW – Phase 3","[Data-Converter] Default","[Data-Converter] Default@2x.png","Label","new raw files","https://projects.invisionapp.com/d/main#/console/22398713/475543059/inspect"
"[Concord] PDW – Phase 3","[Data-Converter] Default","[Data-Converter] Default@2x.png","November 2023","November 2023","https://projects.invisionapp.com/d/main#/console/22398713/475543059/inspect"
"[Concord] PDW – Phase 3","[Data-Converter] Default","[Data-Converter] Default@2x.png","25","25","https://projects.invisionapp.com/d/main#/console/22398713/475543059/inspect"
"[Concord] PDW – Phase 3","[Data-Converter] Default","[Data-Converter] Default@2x.png","files:","files:","https://projects.invisionapp.com/d/main#/console/22398713/475543059/inspect"
"[Concord] PDW – Phase 3","[Data-Converter] Default","[Data-Converter] Default@2x.png","Label","show all","https://projects.invisionapp.com/d/main#/console/22398713/475543059/inspect"
"[Concord] PDW – Phase 3","[Data-Converter] Default","[Data-Converter] Default@2x.png",".dat.dos-4",".dat.dos","https://projects.invisionapp.com/d/main#/console/22398713/475543059/inspect"
"[Concord] PDW – Phase 3","[Data-Converter] Default","[Data-Converter] Default@2x.png",".dat.dos-3",".dat.dos","https://projects.invisionapp.com/d/main#/console/22398713/475543059/inspect"
"[Concord] PDW – Phase 3","[Data-Converter] Default","[Data-Converter] Default@2x.png",".dat.dos-2",".dat.dos","https://projects.invisionapp.com/d/main#/console/22398713/475543059/inspect"
"[Concord] PDW – Phase 3","[Data-Converter] Default","[Data-Converter] Default@2x.png",".dat.dos-1",".dat.dos","https://projects.invisionapp.com/d/main#/console/22398713/475543059/inspect"
"[Concord] PDW – Phase 3","[Data-Converter] Default","[Data-Converter] Default@2x.png",".dat.dos",".dat.dos","https://projects.invisionapp.com/d/main#/console/22398713/475543059/inspect"
"[Concord] PDW – Phase 3","[Data-Converter] Default","[Data-Converter] Default@2x.png","Label","tag with long name w…","https://projects.invisionapp.com/d/main#/console/22398713/475543059/inspect"
"[Concord] PDW – Phase 3","[Data-Converter] Default","[Data-Converter] Default@2x.png","Label","tag 2","https://projects.invisionapp.com/d/main#/console/22398713/475543059/inspect"
"[Concord] PDW – Phase 3","[Data-Converter] Default","[Data-Converter] Default@2x.png","Label","tag 1","https://projects.invisionapp.com/d/main#/console/22398713/475543059/inspect"
"[Concord] PDW – Phase 3","[Data-Converter] Default","[Data-Converter] Default@2x.png","Label","tag 2","https://projects.invisionapp.com/d/main#/console/22398713/475543059/inspect"
"[Concord] PDW – Phase 3","[Data-Converter] Default","[Data-Converter] Default@2x.png","Label","tag 1","https://projects.invisionapp.com/d/main#/console/22398713/475543059/inspect"
"[Concord] PDW – Phase 3","[Data-Converter] Default","[Data-Converter] Default@2x.png","Label","tag with long name","https://projects.invisionapp.com/d/main#/console/22398713/475543059/inspect"
"[Concord] PDW – Phase 3","[Data-Converter] Default","[Data-Converter] Default@2x.png","Label","tag 2","https://projects.invisionapp.com/d/main#/console/22398713/475543059/inspect"
"[Concord] PDW – Phase 3","[Data-Converter] Default","[Data-Converter] Default@2x.png","Label","tag 1","https://projects.invisionapp.com/d/main#/console/22398713/475543059/inspect"
"[Concord] PDW – Phase 3","[Data-Converter] Default","[Data-Converter] Default@2x.png","Label","tag with long name","https://projects.invisionapp.com/d/main#/console/22398713/475543059/inspect"
"[Concord] PDW – Phase 3","[Data-Converter] Default","[Data-Converter] Default@2x.png","Label","tag 2","https://projects.invisionapp.com/d/main#/console/22398713/475543059/inspect"
"[Concord] PDW – Phase 3","[Data-Converter] Default","[Data-Converter] Default@2x.png","Label","tag 1","https://projects.invisionapp.com/d/main#/console/22398713/475543059/inspect"
"[Concord] PDW – Phase 3","[Data-Converter] Default","[Data-Converter] Default@2x.png","tags","tags","https://projects.invisionapp.com/d/main#/console/22398713/475543059/inspect"
"[Concord] PDW – Phase 3","[Data-Converter] Default","[Data-Converter] Default@2x.png","Catalog","Catalog","https://projects.invisionapp.com/d/main#/console/22398713/475543059/inspect"
"[Concord] PDW – Phase 3","[Data-Converter] Default","[Data-Converter] Default@2x.png","General-4","General","https://projects.invisionapp.com/d/main#/console/22398713/475543059/inspect"
"[Concord] PDW – Phase 3","[Data-Converter] Default","[Data-Converter] Default@2x.png","General-3","General","https://projects.invisionapp.com/d/main#/console/22398713/475543059/inspect"
"[Concord] PDW – Phase 3","[Data-Converter] Default","[Data-Converter] Default@2x.png","General-2","General","https://projects.invisionapp.com/d/main#/console/22398713/475543059/inspect"
"[Concord] PDW – Phase 3","[Data-Converter] Default","[Data-Converter] Default@2x.png","General-1","General","https://projects.invisionapp.com/d/main#/console/22398713/475543059/inspect"
"[Concord] PDW – Phase 3","[Data-Converter] Default","[Data-Converter] Default@2x.png","General","General","https://projects.invisionapp.com/d/main#/console/22398713/475543059/inspect"
"[Concord] PDW – Phase 3","[Data-Converter] Default","[Data-Converter] Default@2x.png","Format","Format","https://projects.invisionapp.com/d/main#/console/22398713/475543059/inspect"
"[Concord] PDW – Phase 3","[Data-Converter] Default","[Data-Converter] Default@2x.png","PRF-1","PRF","https://projects.invisionapp.com/d/main#/console/22398713/475543059/inspect"
"[Concord] PDW – Phase 3","[Data-Converter] Default","[Data-Converter] Default@2x.png","PRF","PRF","https://projects.invisionapp.com/d/main#/console/22398713/475543059/inspect"
"[Concord] PDW – Phase 3","[Data-Converter] Default","[Data-Converter] Default@2x.png","MCH-2","MCH","https://projects.invisionapp.com/d/main#/console/22398713/475543059/inspect"
"[Concord] PDW – Phase 3","[Data-Converter] Default","[Data-Converter] Default@2x.png","MCH-1","MCH","https://projects.invisionapp.com/d/main#/console/22398713/475543059/inspect"
"[Concord] PDW – Phase 3","[Data-Converter] Default","[Data-Converter] Default@2x.png","MCH","MCH","https://projects.invisionapp.com/d/main#/console/22398713/475543059/inspect"
"[Concord] PDW – Phase 3","[Data-Converter] Default","[Data-Converter] Default@2x.png","name","name","https://projects.invisionapp.com/d/main#/console/22398713/475543059/inspect"
"[Concord] PDW – Phase 3","[Data-Converter] Default","[Data-Converter] Default@2x.png","ICE_CRD_2018448_415_-4","ICE_CRD_2018448_415_MD_AD_…","https://projects.invisionapp.com/d/main#/console/22398713/475543059/inspect"
"[Concord] PDW – Phase 3","[Data-Converter] Default","[Data-Converter] Default@2x.png","ICE_CRD_2018448_415_-3","ICE_CRD_2018448_415_MD_AD_…","https://projects.invisionapp.com/d/main#/console/22398713/475543059/inspect"
"[Concord] PDW – Phase 3","[Data-Converter] Default","[Data-Converter] Default@2x.png","ICE_CRD_2018448_415_-2","ICE_CRD_2018448_415_MD_AD_…","https://projects.invisionapp.com/d/main#/console/22398713/475543059/inspect"
"[Concord] PDW – Phase 3","[Data-Converter] Default","[Data-Converter] Default@2x.png","ICE_CRD_2018448_415_-1","ICE_CRD_2018448_415_MD_AD_…","https://projects.invisionapp.com/d/main#/console/22398713/475543059/inspect"
"[Concord] PDW – Phase 3","[Data-Converter] Default","[Data-Converter] Default@2x.png","ICE_CRD_2018448_415_","ICE_CRD_2018448_415_MD_AD_…","https://projects.invisionapp.com/d/main#/console/22398713/475543059/inspect"
"[Concord] PDW – Phase 3","[Data-Converter] Default","[Data-Converter] Default@2x.png","23MB-1","23MB","https://projects.invisionapp.com/d/main#/console/22398713/475543059/inspect"
"[Concord] PDW – Phase 3","[Data-Converter] Default","[Data-Converter] Default@2x.png","3MB","3MB","https://projects.invisionapp.com/d/main#/console/22398713/475543059/inspect"
"[Concord] PDW – Phase 3","[Data-Converter] Default","[Data-Converter] Default@2x.png","346MB","346MB","https://projects.invisionapp.com/d/main#/console/22398713/475543059/inspect"
"[Concord] PDW – Phase 3","[Data-Converter] Default","[Data-Converter] Default@2x.png","21MB","21MB","https://projects.invisionapp.com/d/main#/console/22398713/475543059/inspect"
"[Concord] PDW – Phase 3","[Data-Converter] Default","[Data-Converter] Default@2x.png","23MB","23MB","https://projects.invisionapp.com/d/main#/console/22398713/475543059/inspect"
"[Concord] PDW – Phase 3","[Data-Converter] Default","[Data-Converter] Default@2x.png","size","size","https://projects.invisionapp.com/d/main#/console/22398713/475543059/inspect"
"[Concord] PDW – Phase 3","[Data-Converter] Default","[Data-Converter] Default@2x.png","download","download","https://projects.invisionapp.com/d/main#/console/22398713/475543059/inspect"
"[Concord] PDW – Phase 3","[Data-Converter] Default","[Data-Converter] Default@2x.png","05/07/2023, 12:23 by","05/07/2023, 12:23 by Michael Assink","https://projects.invisionapp.com/d/main#/console/22398713/475543059/inspect"
"[Concord] PDW – Phase 3","[Data-Converter] Default","[Data-Converter] Default@2x.png","Converted at:","Converted at:","https://projects.invisionapp.com/d/main#/console/22398713/475543059/inspect"
"[Concord] PDW – Phase 3","[Data-Converter] Default","[Data-Converter] Default@2x.png","December 2023","December 2023","https://projects.invisionapp.com/d/main#/console/22398713/475543059/inspect"
"[Concord] PDW – Phase 3","[Data-Converter] Default","[Data-Converter] Default@2x.png","25","25","https://projects.invisionapp.com/d/main#/console/22398713/475543059/inspect"
"[Concord] PDW – Phase 3","[Data-Converter] Default","[Data-Converter] Default@2x.png","files:","files:","https://projects.invisionapp.com/d/main#/console/22398713/475543059/inspect"
"[Concord] PDW – Phase 3","[Data-Converter] Default","[Data-Converter] Default@2x.png","Label","show all","https://projects.invisionapp.com/d/main#/console/22398713/475543059/inspect"
"[Concord] PDW – Phase 3","[Data-Converter] Default","[Data-Converter] Default@2x.png",".dat.dos-4",".dat.dos","https://projects.invisionapp.com/d/main#/console/22398713/475543059/inspect"
"[Concord] PDW – Phase 3","[Data-Converter] Default","[Data-Converter] Default@2x.png",".dat.dos-3",".dat.dos","https://projects.invisionapp.com/d/main#/console/22398713/475543059/inspect"
"[Concord] PDW – Phase 3","[Data-Converter] Default","[Data-Converter] Default@2x.png",".dat.dos-2",".dat.dos","https://projects.invisionapp.com/d/main#/console/22398713/475543059/inspect"
"[Concord] PDW – Phase 3","[Data-Converter] Default","[Data-Converter] Default@2x.png",".dat.dos-1",".dat.dos","https://projects.invisionapp.com/d/main#/console/22398713/475543059/inspect"
"[Concord] PDW – Phase 3","[Data-Converter] Default","[Data-Converter] Default@2x.png",".dat.dos",".dat.dos","https://projects.invisionapp.com/d/main#/console/22398713/475543059/inspect"
"[Concord] PDW – Phase 3","[Data-Converter] Default","[Data-Converter] Default@2x.png","Label","tag with long name w…","https://projects.invisionapp.com/d/main#/console/22398713/475543059/inspect"
"[Concord] PDW – Phase 3","[Data-Converter] Default","[Data-Converter] Default@2x.png","Label","tag 2","https://projects.invisionapp.com/d/main#/console/22398713/475543059/inspect"
"[Concord] PDW – Phase 3","[Data-Converter] Default","[Data-Converter] Default@2x.png","Label","tag 1","https://projects.invisionapp.com/d/main#/console/22398713/475543059/inspect"
"[Concord] PDW – Phase 3","[Data-Converter] Default","[Data-Converter] Default@2x.png","Label","tag 2","https://projects.invisionapp.com/d/main#/console/22398713/475543059/inspect"
"[Concord] PDW – Phase 3","[Data-Converter] Default","[Data-Converter] Default@2x.png","Label","tag 1","https://projects.invisionapp.com/d/main#/console/22398713/475543059/inspect"
"[Concord] PDW – Phase 3","[Data-Converter] Default","[Data-Converter] Default@2x.png","Label","tag with long name","https://projects.invisionapp.com/d/main#/console/22398713/475543059/inspect"
"[Concord] PDW – Phase 3","[Data-Converter] Default","[Data-Converter] Default@2x.png","Label","tag 2","https://projects.invisionapp.com/d/main#/console/22398713/475543059/inspect"
"[Concord] PDW – Phase 3","[Data-Converter] Default","[Data-Converter] Default@2x.png","Label","tag 1","https://projects.invisionapp.com/d/main#/console/22398713/475543059/inspect"
"[Concord] PDW – Phase 3","[Data-Converter] Default","[Data-Converter] Default@2x.png","Label","tag with long name","https://projects.invisionapp.com/d/main#/console/22398713/475543059/inspect"
"[Concord] PDW – Phase 3","[Data-Converter] Default","[Data-Converter] Default@2x.png","Label","tag 2","https://projects.invisionapp.com/d/main#/console/22398713/475543059/inspect"
"[Concord] PDW – Phase 3","[Data-Converter] Default","[Data-Converter] Default@2x.png","Label","tag 1","https://projects.invisionapp.com/d/main#/console/22398713/475543059/inspect"
"[Concord] PDW – Phase 3","[Data-Converter] Default","[Data-Converter] Default@2x.png","tags","tags","https://projects.invisionapp.com/d/main#/console/22398713/475543059/inspect"
"[Concord] PDW – Phase 3","[Data-Converter] Default","[Data-Converter] Default@2x.png","Catalog","Catalog","https://projects.invisionapp.com/d/main#/console/22398713/475543059/inspect"
"[Concord] PDW – Phase 3","[Data-Converter] Default","[Data-Converter] Default@2x.png","General-4","General","https://projects.invisionapp.com/d/main#/console/22398713/475543059/inspect"
"[Concord] PDW – Phase 3","[Data-Converter] Default","[Data-Converter] Default@2x.png","General-3","General","https://projects.invisionapp.com/d/main#/console/22398713/475543059/inspect"
"[Concord] PDW – Phase 3","[Data-Converter] Default","[Data-Converter] Default@2x.png","General-2","General","https://projects.invisionapp.com/d/main#/console/22398713/475543059/inspect"
"[Concord] PDW – Phase 3","[Data-Converter] Default","[Data-Converter] Default@2x.png","General-1","General","https://projects.invisionapp.com/d/main#/console/22398713/475543059/inspect"
"[Concord] PDW – Phase 3","[Data-Converter] Default","[Data-Converter] Default@2x.png","General","General","https://projects.invisionapp.com/d/main#/console/22398713/475543059/inspect"
"[Concord] PDW – Phase 3","[Data-Converter] Default","[Data-Converter] Default@2x.png","Format","Format","https://projects.invisionapp.com/d/main#/console/22398713/475543059/inspect"
"[Concord] PDW – Phase 3","[Data-Converter] Default","[Data-Converter] Default@2x.png","PRF-1","PRF","https://projects.invisionapp.com/d/main#/console/22398713/475543059/inspect"
"[Concord] PDW – Phase 3","[Data-Converter] Default","[Data-Converter] Default@2x.png","PRF","PRF","https://projects.invisionapp.com/d/main#/console/22398713/475543059/inspect"
"[Concord] PDW – Phase 3","[Data-Converter] Default","[Data-Converter] Default@2x.png","MCH-2","MCH","https://projects.invisionapp.com/d/main#/console/22398713/475543059/inspect"
"[Concord] PDW – Phase 3","[Data-Converter] Default","[Data-Converter] Default@2x.png","MCH-1","MCH","https://projects.invisionapp.com/d/main#/console/22398713/475543059/inspect"
"[Concord] PDW – Phase 3","[Data-Converter] Default","[Data-Converter] Default@2x.png","MCH","MCH","https://projects.invisionapp.com/d/main#/console/22398713/475543059/inspect"
"[Concord] PDW – Phase 3","[Data-Converter] Default","[Data-Converter] Default@2x.png","name","name","https://projects.invisionapp.com/d/main#/console/22398713/475543059/inspect"
"[Concord] PDW – Phase 3","[Data-Converter] Default","[Data-Converter] Default@2x.png","ICE_CRD_2018448_415_-4","ICE_CRD_2018448_415_MD_AD_…","https://projects.invisionapp.com/d/main#/console/22398713/475543059/inspect"
"[Concord] PDW – Phase 3","[Data-Converter] Default","[Data-Converter] Default@2x.png","ICE_CRD_2018448_415_-3","ICE_CRD_2018448_415_MD_AD_…","https://projects.invisionapp.com/d/main#/console/22398713/475543059/inspect"
"[Concord] PDW – Phase 3","[Data-Converter] Default","[Data-Converter] Default@2x.png","ICE_CRD_2018448_415_-2","ICE_CRD_2018448_415_MD_AD_…","https://projects.invisionapp.com/d/main#/console/22398713/475543059/inspect"
"[Concord] PDW – Phase 3","[Data-Converter] Default","[Data-Converter] Default@2x.png","ICE_CRD_2018448_415_-1","ICE_CRD_2018448_415_MD_AD_…","https://projects.invisionapp.com/d/main#/console/22398713/475543059/inspect"
"[Concord] PDW – Phase 3","[Data-Converter] Default","[Data-Converter] Default@2x.png","ICE_CRD_2018448_415_","ICE_CRD_2018448_415_MD_AD_…","https://projects.invisionapp.com/d/main#/console/22398713/475543059/inspect"
"[Concord] PDW – Phase 3","[Data-Converter] Default","[Data-Converter] Default@2x.png","23MB-1","23MB","https://projects.invisionapp.com/d/main#/console/22398713/475543059/inspect"
"[Concord] PDW – Phase 3","[Data-Converter] Default","[Data-Converter] Default@2x.png","3MB","3MB","https://projects.invisionapp.com/d/main#/console/22398713/475543059/inspect"
"[Concord] PDW – Phase 3","[Data-Converter] Default","[Data-Converter] Default@2x.png","346MB","346MB","https://projects.invisionapp.com/d/main#/console/22398713/475543059/inspect"
"[Concord] PDW – Phase 3","[Data-Converter] Default","[Data-Converter] Default@2x.png","21MB","21MB","https://projects.invisionapp.com/d/main#/console/22398713/475543059/inspect"
"[Concord] PDW – Phase 3","[Data-Converter] Default","[Data-Converter] Default@2x.png","23MB","23MB","https://projects.invisionapp.com/d/main#/console/22398713/475543059/inspect"
"[Concord] PDW – Phase 3","[Data-Converter] Default","[Data-Converter] Default@2x.png","size","size","https://projects.invisionapp.com/d/main#/console/22398713/475543059/inspect"
"[Concord] PDW – Phase 3","[Data-Converter] Default","[Data-Converter] Default@2x.png","download","download","https://projects.invisionapp.com/d/main#/console/22398713/475543059/inspect"
"[Concord] PDW – Phase 3","[Data-Converter] Default","[Data-Converter] Default@2x.png","05/07/2023, 12:23 by","05/07/2023, 12:23 by Michael Assink","https://projects.invisionapp.com/d/main#/console/22398713/475543059/inspect"
"[Concord] PDW – Phase 3","[Data-Converter] Default","[Data-Converter] Default@2x.png","Converted at:","Converted at:","https://projects.invisionapp.com/d/main#/console/22398713/475543059/inspect"